{
    "loss": 0.4910666346549988,
    "accuracy": 0.7482014298439026
}